title,url,description
a,http://www.google.com,c
zxcv,www.twitter.com,twitter
boggle,www.hasbro.com,hasbro
yooo,google.com,google
apple,www.apple.com,apples r great
yo,https://atom.io,atom!
google,google.com,google
asdf,atom.io,atomdfd
adfzc,qwerew,asdfagd
"",atom.io,a
"",atom.io,a
"",atom.io,b
required,required,required
required,required,testing
post,atom.io,post
wedidit,atom.io,aereqrqwpost
pasta is great!,pasta.com,i love pasta
ok,http://www.google.com,ok
yo,http://yo.com,yo
yup,http://yup.com,1000000000000000000000000000
asdf,http://yo.com,1000000000000000000000000000
asdf,http://yo.com,1000000000000000000000000000
a,http://atom.io,1000000000000000000000000000
asdf,http://www.google.com/hello,adfoiafoijaweofjdoifjodfoiajdofjadsoifjsao
adfs,http://www.google.com/hellogoodbye,asdgaefeawfaewfadsfdsafdsafasdfefafsdfasdfasd
adasfs,http://www.google.com,adfasdfasdfasgfasdfdsafsadf
adasfs,http://www.google.com,adfasdfasdfasgfasdfdsafsadf
adfadsfasdf,http://www.google.com,aeraewrawefdsfsadfasfdsfasdfdasfasdfasdfassfa
